Workbook

Sheet DCMD
B4: ÁREA | C4: INDICADOR | D4: OBSERVAÇÕES | E4: PREMISSA (COEP) | F4: UNIDADE | G4: 46023 | H4: 46054 | I4: 46082 | J4: 46113 | K4: 46143 | L4: 46174 | M4: 46204 | N4: 46235 | O4: 46266 | P4: 46296 | Q4: 46327 | R4: 46357
B5: DCMD | C5: Quantidade de material lenhoso gerado em processo de poda destinado para aterro sanitário | F5: kg | G5: =Centro!G5+Norte!F5+Sul!G5 -> 0 | H5: =Centro!H5+Norte!G5+Sul!H5 -> 0 | I5: =Centro!I5+Norte!H5+Sul!I5 -> 0 | J5: =Centro!J5+Norte!I5+Sul!J5 -> 0 | K5: =Centro!K5+Norte!J5+Sul!K5 -> 0 | L5: =Centro!L5+Norte!K5+Sul!L5 -> 0 | M5: =Centro!M5+Norte!L5+Sul!M5 -> 0 | N5: =Centro!N5+Norte!M5+Sul!N5 -> 0 | ... R5: =Centro!R5+Norte!Q5+Sul!R5 -> 0
C6: Quantidade de material lenhoso gerado em processo de poda destinado para compostagem | E6: Material triturado pelo caminhão | F6: kg | G6: =Centro!G6+Norte!F6+Sul!G6 -> 305340 | H6: =Centro!H6+Norte!G6+Sul!H6 -> 249795 | I6: =Centro!I6+Norte!H6+Sul!I6 -> 306180 | J6: =Centro!J6+Norte!I6+Sul!J6 -> 338730 | K6: =Centro!K6+Norte!J6+Sul!K6 -> 395955 | L6: =Centro!L6+Norte!K6+Sul!L6 -> 307230 | M6: =Centro!M6+Norte!L6+Sul!M6 -> 0 | N6: =Centro!N6+Norte!M6+Sul!N6 -> 0 | ... R6: =Centro!R6+Norte!Q6+Sul!R6 -> 0
C7: Área de vegetação suprimida do bioma Cerrado em processo de manutenção de faixa | E7: KM² de faixa realizada - bioma da localidade com base no IBGE | F7: ha | G7: =Centro!G7+Norte!F7+Sul!G7 -> 234.333 | H7: =Centro!H7+Norte!G7+Sul!H7 -> 245.2 | I7: =Centro!I7+Norte!H7+Sul!I7 -> 230.656 | J7: =Centro!J7+Norte!I7+Sul!J7 -> 448.582 | K7: =Centro!K7+Norte!J7+Sul!K7 -> 559.33 | L7: =Centro!L7+Norte!K7+Sul!L7 -> 822.771 | M7: =Centro!M7+Norte!L7+Sul!M7 -> 0 | N7: =Centro!N7+Norte!M7+Sul!N7 -> 0 | ... R7: =Centro!R7+Norte!Q7+Sul!R7 -> 0
C8: Área de vegetação suprimida do bioma Cerrado em processo de novas obras | F8: ha | G8: 111.16 | H8: 80.7 | I8: 109.87 | J8: 107.3 | K8: 86.59 | L8: 56.71
C9: Área de vegetação suprimida do bioma Amazônia em processo de manutenção de faixa | E9: KM² de faixa realizada - bioma da localidade com base no IBGE | F9: ha | G9: =Centro!G9+Norte!F9+Sul!G9 -> 63 | H9: =Centro!H9+Norte!G9+Sul!H9 -> 74.3 | I9: =Centro!I9+Norte!H9+Sul!I9 -> 56 | J9: =Centro!J9+Norte!I9+Sul!J9 -> 79.933 | K9: =Centro!K9+Norte!J9+Sul!K9 -> 0 | L9: =Centro!L9+Norte!K9+Sul!L9 -> 97.333 | M9: =Centro!M9+Norte!L9+Sul!M9 -> 0 | N9: =Centro!N9+Norte!M9+Sul!N9 -> 0 | ... R9: =Centro!R9+Norte!Q9+Sul!R9 -> 0
C10: Área de vegetação suprimida do bioma Amazônia em processo de novas obras | F10: ha | G10: 10.95 | H10: 1.29 | I10: 17.37 | J10: 20.3 | K10: 7.49 | L10: 8.31
C11: Volume de gasolina consumida em motopodas e motosserras (pagamento não realizado com cartão de abastecimento) | D11: Apenas os abastecimentos que não foram feitos pelo Ticktet Log | E11: ¹Compra feita com requisição - OU - ²Média de consumo de gasolina | F11: L | G11: =Centro!G11+Norte!F11+Sul!G11 -> 426.655 | H11: =Centro!H11+Norte!G11+Sul!H11 -> 303.519 | I11: =Centro!I11+Norte!H11+Sul!I11 -> 618.711 | J11: =Centro!J11+Norte!I11+Sul!J11 -> 649.244 | K11: =Centro!K11+Norte!J11+Sul!K11 -> 579.15 | L11: =Centro!L11+Norte!K11+Sul!L11 -> 332.347 | M11: =Centro!M11+Norte!L11+Sul!M11 -> 0 | N11: =Centro!N11+Norte!M11+Sul!N11 -> 0 | ... R11: =Centro!R11+Norte!Q11+Sul!R11 -> 0
C12: Volume de óleo 2 tempos consumido em motopodas e motosserras (pagamento não realizado com cartão de abastecimento) | E12: ¹Compra feita com requisição - OU - ²Média de consumo de gasolina | F12: L | G12: =Centro!G12+Norte!F12+Sul!G12 -> 38 | H12: =Centro!H12+Norte!G12+Sul!H12 -> 39 | I12: =Centro!I12+Norte!H12+Sul!I12 -> 39.5 | J12: =Centro!J12+Norte!I12+Sul!J12 -> 45 | K12: =Centro!K12+Norte!J12+Sul!K12 -> 37 | L12: =Centro!L12+Norte!K12+Sul!L12 -> 31.5 | M12: =Centro!M12+Norte!L12+Sul!M12 -> 0 | N12: =Centro!N12+Norte!M12+Sul!N12 -> 0 | ... R12: =Centro!R12+Norte!Q12+Sul!R12 -> 0
C13: Volume de gasolina comprada pela empresa contratada consumida em motopodas e motosserras | D13: Buscar dados com empresa Terceiras que realizam este serviço | E13: Média de consumo | F13: L | G13: =Centro!G13+Norte!F13+Sul!G13 -> 546.055 | H13: =Centro!H13+Norte!G13+Sul!H13 -> 501.129 | I13: =Centro!I13+Norte!H13+Sul!I13 -> 750.341 | J13: =Centro!J13+Norte!I13+Sul!J13 -> 758.134 | K13: =Centro!K13+Norte!J13+Sul!K13 -> 729.46 | L13: =Centro!L13+Norte!K13+Sul!L13 -> 512.657 | M13: =Centro!M13+Norte!L13+Sul!M13 -> 0 | N13: =Centro!N13+Norte!M13+Sul!N13 -> 0 | ... R13: =Centro!R13+Norte!Q13+Sul!R13 -> 0
C14: Volume de óleo 2 tempos comprada pela empresa contratada consumida em motopodas e motosserras | E14: Média de consumo | F14: L | G14: =Centro!G14+Norte!F14+Sul!G14 -> 50.5 | H14: =Centro!H14+Norte!G14+Sul!H14 -> 54.5 | I14: =Centro!I14+Norte!H14+Sul!I14 -> 49 | J14: =Centro!J14+Norte!I14+Sul!J14 -> 56.5 | K14: =Centro!K14+Norte!J14+Sul!K14 -> 51.5 | L14: =Centro!L14+Norte!K14+Sul!L14 -> 47 | M14: =Centro!M14+Norte!L14+Sul!M14 -> 0 | N14: =Centro!N14+Norte!M14+Sul!N14 -> 0 | ... R14: =Centro!R14+Norte!Q14+Sul!R14 -> 0
C15: Volume de gasolina consumida em transporte e distribuição contratado (pagamento realizado por terceiros) | D15: Empreiteiras | E15: Solicitar controle das empreiteiras - expurgar consumo motosserra e motopoda | F15: L | G15: =Centro!G15+Norte!F15+Sul!G15 -> 4433.175 | H15: =Centro!H15+Norte!G15+Sul!H15 -> 5528.195 | I15: =Centro!I15+Norte!H15+Sul!I15 -> 4550.521 | J15: =Centro!J15+Norte!I15+Sul!J15 -> 4687.215 | K15: =Centro!K15+Norte!J15+Sul!K15 -> 4794.548 | L15: =Centro!L15+Norte!K15+Sul!L15 -> 4944.143 | M15: =Centro!M15+Norte!L15+Sul!M15 -> 0 | N15: =Centro!N15+Norte!M15+Sul!N15 -> 0 | ... R15: =Centro!R15+Norte!Q15+Sul!R15 -> 0
C16: Volume de diesel consumido em transporte e distribuição contratado (pagamento realizado por terceiros) | E16: Solicitar controle das empreiteiras | F16: L | G16: =Centro!G16+Norte!F16+Sul!G16 -> 65589.991 | H16: =Centro!H16+Norte!G16+Sul!H16 -> 68357.012 | I16: =Centro!I16+Norte!H16+Sul!I16 -> 72950.343 | J16: =Centro!J16+Norte!I16+Sul!J16 -> 69591.263 | K16: =Centro!K16+Norte!J16+Sul!K16 -> 68933.631 | L16: =Centro!L16+Norte!K16+Sul!L16 -> 70960.146 | M16: =Centro!M16+Norte!L16+Sul!M16 -> 0 | N16: =Centro!N16+Norte!M16+Sul!N16 -> 0 | ... R16: =Centro!R16+Norte!Q16+Sul!R16 -> 0
C17: Volume de etanol consumido em transporte e distribuição contratado (pagamento realizado por terceiros) | E17: Solicitar controle das empreiteiras | F17: L | G17: =Centro!G17+Norte!F17+Sul!G17 -> 0 | H17: =Centro!H17+Norte!G17+Sul!H17 -> 0 | I17: =Centro!I17+Norte!H17+Sul!I17 -> 0 | J17: =Centro!J17+Norte!I17+Sul!J17 -> 0 | K17: =Centro!K17+Norte!J17+Sul!K17 -> 0 | L17: =Centro!L17+Norte!K17+Sul!L17 -> 0 | M17: =Centro!M17+Norte!L17+Sul!M17 -> 0 | N17: =Centro!N17+Norte!M17+Sul!N17 -> 0 | ... R17: =Centro!R17+Norte!Q17+Sul!R17 -> 0

Sheet Planilha1
B2: INDICADOR | C2: UNIDADE
B3: Quantidade de material lenhoso gerado em processo de poda destinado para aterro sanitário | C3: kg
B4: Quantidade de material lenhoso gerado em processo de poda destinado para compostagem | C4: kg
B5: Área de vegetação suprimida do bioma Cerrado em processo de manutenção de faixa | C5: ha
B6: Área de vegetação suprimida do bioma Cerrado em processo de novas obras | C6: ha
B7: Área de vegetação suprimida do bioma Amazônia em processo de manutenção de faixa | C7: ha
B8: Área de vegetação suprimida do bioma Amazônia em processo de novas obras | C8: ha
B9: Volume de gasolina consumida em motopodas e motosserras (pagamento não realizado com cartão de abastecimento) | C9: L
B10: Volume de óleo 2 tempos consumido em motopodas e motosserras (pagamento não realizado com cartão de abastecimento) | C10: L
B11: Volume de gasolina comprada pela empresa contratada consumida em motopodas e motosserras | C11: L
B12: Volume de óleo 2 tempos comprada pela empresa contratada consumida em motopodas e motosserras | C12: L
B13: Volume de gasolina consumida em transporte e distribuição contratado (pagamento realizado por terceiros) | C13: L
... B15: Volume de etanol consumido em transporte e distribuição contratado (pagamento realizado por terceiros) | C15: L

Sheet Centro
G3: Consolidado | S3: Dolp | AE3: DG | AQ3: DB | BC3: J&G | BO3: ENERGISA | CA3: ENDISA ENGENHARIA E AGRONEGOCIO LTDA
B4: Empresa | C4: INDICADOR | D4: OBSERVAÇÕES | E4: PREMISSA (COEP) | F4: UNIDADE | G4: 46023 | H4: 46054 | I4: 46082 | J4: 46113 | K4: 46143 | L4: 46174 | M4: 46204 | N4: 46235 | O4: 46266 | P4: 46296 | Q4: 46327 | R4: 46357 | S4: 46023 | T4: 46054 | U4: 46082 | V4: 46113 | W4: 46143 | X4: 46174 | Y4: 46204 | Z4: 46235 | AA4: 46266 | AB4: 46296 | AC4: 46327 | AD4: 46357 | AE4: 46023 | AF4: 46054 | AG4: 46082 | AH4: 46113 | AI4: 46143 | AJ4: 46174 | AK4: 46204 | AL4: 46235 | AM4: 46266 | AN4: 46296 | AO4: 46327 | AP4: 46357 | AQ4: 46023 | AR4: 46054 | AS4: 46082 | AT4: 46113 | AU4: 46143 | AV4: 46174 | AW4: 46204 | AX4: 46235 | AY4: 46266 | AZ4: 46296 | BA4: 46327 | BB4: 46357 | BC4: 46023 | BD4: 46054 | BE4: 46082 | BF4: 46113 | BG4: 46143 | BH4: 46174 | BI4: 46204 | BJ4: 46235 | BK4: 46266 | BL4: 46296 | BM4: 46327 | BN4: 46357 | BO4: 46023 | BP4: 46054 | BQ4: 46082 | BR4: 46113 | BS4: 46143 | BT4: 46174 | BU4: 46204 | BV4: 46235 | BW4: 46266 | BX4: 46296 | BY4: 46327 | BZ4: 46357 | CA4: 46023 | CB4: 46054 | CC4: 46082 | CD4: 46113 | CE4: 46143 | CF4: 46174 | CG4: 46204 | CH4: 46235 | CI4: 46266 | CJ4: 46296 | CK4: 46327 | CL4: 46357
C5: Quantidade de material lenhoso gerado em processo de poda destinado para aterro sanitário | F5: kg | G5: =S5+AE5+AQ5+BC5+BO5+CA5 -> 0 | H5: =T5+AF5+AR5+BD5+BP5+CB5 -> 0 | I5: =U5+AG5+AS5+BE5+BQ5+CC5 -> 0 | J5: =V5+AH5+AT5+BF5+BR5+CD5 -> 0 | K5: =W5+AI5+AU5+BG5+BS5+CE5 -> 0 | L5: =X5+AJ5+AV5+BH5+BT5+CF5 -> 0 | M5: =Y5+AK5+AW5+BI5+BU5+CG5 -> 0 | N5: =Z5+AL5+AX5+BJ5+BV5+CH5 -> 0 | ... R5: =AD5+AP5+BB5+BN5+BZ5+CL5 -> 0 | S5: 0 | T5: 0 | U5: 0 | V5: 0 | W5: 0 | X5: 0 | AE5: 0 | AF5: 0 | AG5: 0 | AH5: 0 | AI5: 0 | AJ5: 0 | AQ5: 0 | AR5: 0 | AS5: 0 | AT5: 0 | AU5: 0 | AV5: 0 | BC5: 0 | BD5: 0 | BE5: 0 | BF5: 0 | BG5: 0 | BH5: 0
C6: Quantidade de material lenhoso gerado em processo de poda destinado para compostagem | E6: Material triturado pelo caminhão | F6: kg | G6: =S6+AE6+AQ6+BC6+BO6+CA6 -> 101465 | H6: =T6+AF6+AR6+BD6+BP6+CB6 -> 88410 | I6: =U6+AG6+AS6+BE6+BQ6+CC6 -> 94535 | J6: =V6+AH6+AT6+BF6+BR6+CD6 -> 101920 | K6: =W6+AI6+AU6+BG6+BS6+CE6 -> 106820 | L6: =X6+AJ6+AV6+BH6+BT6+CF6 -> 100625 | M6: =Y6+AK6+AW6+BI6+BU6+CG6 -> 0 | N6: =Z6+AL6+AX6+BJ6+BV6+CH6 -> 0 | ... R6: =AD6+AP6+BB6+BN6+BZ6+CL6 -> 0 | S6: 0 | T6: 0 | U6: 0 | V6: 0 | W6: 0 | X6: 0 | AE6: 0 | AF6: 0 | AG6: 0 | AH6: 0 | AI6: 0 | AJ6: 0 | AQ6: 0 | AR6: 0 | AS6: 0 | AT6: 0 | AU6: 0 | AV6: 0 | BC6: 0 | BD6: 0 | BE6: 0 | BF6: 0 | BG6: 0 | BH6: 0 | BO6: 101465 | BP6: 88410 | BQ6: 94535 | BR6: 101920 | BS6: 106820 | BT6: 100625
C7: Área de vegetação suprimida do bioma Cerrado em processo de manutenção de faixa | E7: KM² de faixa realizada - bioma da localidade com base no IBGE | F7: ha | G7: =S7+AE7+AQ7+BC7+BO7+CA7 -> 15.1 | H7: =T7+AF7+AR7+BD7+BP7+CB7 -> 10.9 | I7: =U7+AG7+AS7+BE7+BQ7+CC7 -> 48.723 | J7: =V7+AH7+AT7+BF7+BR7+CD7 -> 171.869 | K7: =W7+AI7+AU7+BG7+BS7+CE7 -> 169.33 | L7: =X7+AJ7+AV7+BH7+BT7+CF7 -> 325.138 | M7: =Y7+AK7+AW7+BI7+BU7+CG7 -> 0 | N7: =Z7+AL7+AX7+BJ7+BV7+CH7 -> 0 | ... R7: =AD7+AP7+BB7+BN7+BZ7+CL7 -> 0 | S7: 12.5 | T7: 5 | U7: 0 | V7: 0 | W7: 0 | X7: 4.005 | AQ7: 2.6 | AR7: 5.9 | AS7: 48.723 | AT7: 26.536 | AU7: 26.1 | AV7: 0 | BO7: 0 | BP7: 0 | BQ7: 0 | BR7: 0 | BS7: 0 | BT7: 17.84 | CA7: 0 | CB7: 0 | CC7: 0 | CD7: 145.333 | CE7: 143.23 | CF7: 303.293
C8: Área de vegetação suprimida do bioma Cerrado em processo de novas obras | F8: ha | G8: =S8+AE8+AQ8+BC8+BO8+CA8 -> 26 | H8: =T8+AF8+AR8+BD8+BP8+CB8 -> 32 | I8: =U8+AG8+AS8+BE8+BQ8+CC8 -> 43 | J8: =V8+AH8+AT8+BF8+BR8+CD8 -> 35 | K8: =W8+AI8+AU8+BG8+BS8+CE8 -> 29 | L8: =X8+AJ8+AV8+BH8+BT8+CF8 -> 30 | M8: =Y8+AK8+AW8+BI8+BU8+CG8 -> 0 | N8: =Z8+AL8+AX8+BJ8+BV8+CH8 -> 0 | ... R8: =AD8+AP8+BB8+BN8+BZ8+CL8 -> 0 | S8: 10 | T8: 20 | U8: 30 | V8: 18 | W8: 10 | X8: 13 | AE8: 8 | AF8: 7 | AG8: 6 | AH8: 8 | AI8: 9 | AJ8: 5 | AQ8: 0 | AR8: 0 | AS8: 0 | AT8: 0 | AU8: 0 | AV8: 0 | BC8: 8 | BD8: 5 | BE8: 7 | BF8: 9 | BG8: 10 | BH8: 12
C9: Área de vegetação suprimida do bioma Amazônia em processo de manutenção de faixa | E9: KM² de faixa realizada - bioma da localidade com base no IBGE | F9: ha | G9: =S9+AE9+AQ9+BC9+BO9+CA9 -> 0 | H9: =T9+AF9+AR9+BD9+BP9+CB9 -> 0 | I9: =U9+AG9+AS9+BE9+BQ9+CC9 -> 0 | J9: =V9+AH9+AT9+BF9+BR9+CD9 -> 0 | K9: =W9+AI9+AU9+BG9+BS9+CE9 -> 0 | L9: =X9+AJ9+AV9+BH9+BT9+CF9 -> 0 | M9: =Y9+AK9+AW9+BI9+BU9+CG9 -> 0 | N9: =Z9+AL9+AX9+BJ9+BV9+CH9 -> 0 | ... R9: =AD9+AP9+BB9+BN9+BZ9+CL9 -> 0
C10: Área de vegetação suprimida do bioma Amazônia em processo de novas obras | F10: ha | G10: =S10+AE10+AQ10+BC10+BO10+CA10 -> 0 | H10: =T10+AF10+AR10+BD10+BP10+CB10 -> 0 | I10: =U10+AG10+AS10+BE10+BQ10+CC10 -> 0 | J10: =V10+AH10+AT10+BF10+BR10+CD10 -> 0 | K10: =W10+AI10+AU10+BG10+BS10+CE10 -> 0 | L10: =X10+AJ10+AV10+BH10+BT10+CF10 -> 0 | M10: =Y10+AK10+AW10+BI10+BU10+CG10 -> 0 | N10: =Z10+AL10+AX10+BJ10+BV10+CH10 -> 0 | ... R10: =AD10+AP10+BB10+BN10+BZ10+CL10 -> 0 | S10: 0 | T10: 0 | U10: 0 | V10: 0 | W10: 0 | X10: 0 | AE10: 0 | AF10: 0 | AG10: 0 | AH10: 0 | AI10: 0 | AJ10: 0 | AQ10: 0 | AR10: 0 | AS10: 0 | AT10: 0 | AU10: 0 | AV10: 0 | BC10: 0 | BD10: 0 | BE10: 0 | BF10: 0 | BG10: 0 | BH10: 0
C11: Volume de gasolina consumida em motopodas e motosserras (pagamento não realizado com cartão de abastecimento) | D11: Apenas os abastecimentos que não foram feitos pelo Ticktet Log | E11: ¹Compra feita com requisição - OU - ²Média de consumo de gasolina | F11: L | G11: =S11+AE11+AQ11+BC11+BO11+CA11 -> 85 | H11: =T11+AF11+AR11+BD11+BP11+CB11 -> 105 | I11: =U11+AG11+AS11+BE11+BQ11+CC11 -> 93 | J11: =V11+AH11+AT11+BF11+BR11+CD11 -> 69 | K11: =W11+AI11+AU11+BG11+BS11+CE11 -> 46 | L11: =X11+AJ11+AV11+BH11+BT11+CF11 -> 56 | M11: =Y11+AK11+AW11+BI11+BU11+CG11 -> 0 | N11: =Z11+AL11+AX11+BJ11+BV11+CH11 -> 0 | ... R11: =AD11+AP11+BB11+BN11+BZ11+CL11 -> 0 | S11: 30 | T11: 40 | U11: 12 | V11: 16 | W11: 19 | X11: 25 | AE11: 9 | AF11: 8 | AG11: 12 | AH11: 11 | AI11: 13 | AJ11: 14 | AQ11: 40 | AR11: 50 | AS11: 60 | AT11: 30 | AU11: 0 | AV11: 0 | BC11: 6 | BD11: 7 | BE11: 9 | BF11: 12 | BG11: 14 | BH11: 17
C12: Volume de óleo 2 tempos consumido em motopodas e motosserras (pagamento não realizado com cartão de abastecimento) | E12: ¹Compra feita com requisição - OU - ²Média de consumo de gasolina | F12: L | G12: =S12+AE12+AQ12+BC12+BO12+CA12 -> 18 | H12: =T12+AF12+AR12+BD12+BP12+CB12 -> 23 | I12: =U12+AG12+AS12+BE12+BQ12+CC12 -> 19 | J12: =V12+AH12+AT12+BF12+BR12+CD12 -> 21 | K12: =W12+AI12+AU12+BG12+BS12+CE12 -> 13 | L12: =X12+AJ12+AV12+BH12+BT12+CF12 -> 16 | M12: =Y12+AK12+AW12+BI12+BU12+CG12 -> 0 | N12: =Z12+AL12+AX12+BJ12+BV12+CH12 -> 0 | ... R12: =AD12+AP12+BB12+BN12+BZ12+CL12 -> 0 | S12: 6 | T12: 8 | U12: 2 | V12: 3 | W12: 4 | X12: 6 | AE12: 3 | AF12: 3 | AG12: 4 | AH12: 4 | AI12: 4 | AJ12: 4 | AQ12: 7 | AR12: 8 | AS12: 9 | AT12: 10 | AU12: 0 | AV12: 0 | BC12: 2 | BD12: 4 | BE12: 4 | BF12: 4 | BG12: 5 | BH12: 6
C13: Volume de gasolina comprada pela empresa contratada consumida em motopodas e motosserras | D13: Buscar dados com empresa Terceiras que realizam este serviço | E13: Média de consumo | F13: L | G13: =S13+AE13+AQ13+BC13+BO13+CA13 -> 56 | H13: =T13+AF13+AR13+BD13+BP13+CB13 -> 67 | I13: =U13+AG13+AS13+BE13+BQ13+CC13 -> 41 | J13: =V13+AH13+AT13+BF13+BR13+CD13 -> 44 | K13: =W13+AI13+AU13+BG13+BS13+CE13 -> 36 | L13: =X13+AJ13+AV13+BH13+BT13+CF13 -> 42 | M13: =Y13+AK13+AW13+BI13+BU13+CG13 -> 0 | N13: =Z13+AL13+AX13+BJ13+BV13+CH13 -> 0 | ... R13: =AD13+AP13+BB13+BN13+BZ13+CL13 -> 0 | S13: 30 | T13: 40 | U13: 12 | V13: 16 | W13: 19 | X13: 25 | AE13: 13 | AF13: 11 | AG13: 14 | AH13: 15 | AI13: 10 | AJ13: 9 | AQ13: 6 | AR13: 8 | AS13: 9 | AT13: 8 | AU13: 0 | AV13: 0 | BC13: 7 | BD13: 8 | BE13: 6 | BF13: 5 | BG13: 7 | BH13: 8
C14: Volume de óleo 2 tempos comprada pela empresa contratada consumida em motopodas e motosserras | E14: Média de consumo | F14: L | G14: =S14+AE14+AQ14+BC14+BO14+CA14 -> 15 | H14: =T14+AF14+AR14+BD14+BP14+CB14 -> 19 | I14: =U14+AG14+AS14+BE14+BQ14+CC14 -> 13 | J14: =V14+AH14+AT14+BF14+BR14+CD14 -> 15 | K14: =W14+AI14+AU14+BG14+BS14+CE14 -> 12 | L14: =X14+AJ14+AV14+BH14+BT14+CF14 -> 14 | M14: =Y14+AK14+AW14+BI14+BU14+CG14 -> 0 | N14: =Z14+AL14+AX14+BJ14+BV14+CH14 -> 0 | ... R14: =AD14+AP14+BB14+BN14+BZ14+CL14 -> 0 | S14: 6 | T14: 8 | U14: 2 | V14: 3 | W14: 4 | X14: 6 | AE14: 4 | AF14: 4 | AG14: 4 | AH14: 5 | AI14: 3 | AJ14: 2 | AQ14: 3 | AR14: 3 | AS14: 3 | AT14: 3 | AU14: 0 | AV14: 0 | BC14: 2 | BD14: 4 | BE14: 4 | BF14: 4 | BG14: 5 | BH14: 6
C15: Volume de gasolina consumida em transporte e distribuição contratado (pagamento realizado por terceiros) | D15: Empreiteiras | E15: Solicitar controle das empreiteiras - expurgar consumo motosserra e motopoda | F15: L | G15: =S15+AE15+AQ15+BC15+BO15+CA15 -> 1000 | H15: =T15+AF15+AR15+BD15+BP15+CB15 -> 980 | I15: =U15+AG15+AS15+BE15+BQ15+CC15 -> 1010 | J15: =V15+AH15+AT15+BF15+BR15+CD15 -> 950 | K15: =W15+AI15+AU15+BG15+BS15+CE15 -> 1050 | L15: =X15+AJ15+AV15+BH15+BT15+CF15 -> 1240 | M15: =Y15+AK15+AW15+BI15+BU15+CG15 -> 0 | N15: =Z15+AL15+AX15+BJ15+BV15+CH15 -> 0 | ... R15: =AD15+AP15+BB15+BN15+BZ15+CL15 -> 0 | S15: 400 | T15: 400 | U15: 400 | V15: 450 | W15: 500 | X15: 600 | AE15: 350 | AF15: 380 | AG15: 310 | AH15: 320 | AI15: 340 | AJ15: 420 | AQ15: 0 | AR15: 0 | AS15: 0 | AT15: 0 | AU15: 0 | AV15: 0 | BC15: 250 | BD15: 200 | BE15: 300 | BF15: 180 | BG15: 210 | BH15: 220 | BO15: 0 | CA15: 0
C16: Volume de diesel consumido em transporte e distribuição contratado (pagamento realizado por terceiros) | E16: Solicitar controle das empreiteiras | F16: L | G16: =S16+AE16+AQ16+BC16+BO16+CA16 -> 3600 | H16: =T16+AF16+AR16+BD16+BP16+CB16 -> 4200 | I16: =U16+AG16+AS16+BE16+BQ16+CC16 -> 4530 | J16: =V16+AH16+AT16+BF16+BR16+CD16 -> 4320 | K16: =W16+AI16+AU16+BG16+BS16+CE16 -> 4050 | L16: =X16+AJ16+AV16+BH16+BT16+CF16 -> 4580 | M16: =Y16+AK16+AW16+BI16+BU16+CG16 -> 0 | N16: =Z16+AL16+AX16+BJ16+BV16+CH16 -> 0 | ... R16: =AD16+AP16+BB16+BN16+BZ16+CL16 -> 0 | S16: 1200 | T16: 1500 | U16: 1600 | V16: 1300 | W16: 1500 | X16: 1700 | AE16: 1200 | AF16: 1700 | AG16: 1900 | AH16: 2000 | AI16: 2200 | AJ16: 2500 | AQ16: 600 | AR16: 550 | AS16: 530 | AT16: 620 | AU16: 0 | AV16: 0 | BC16: 600 | BD16: 450 | BE16: 500 | BF16: 400 | BG16: 350 | BH16: 380
C17: Volume de etanol consumido em transporte e distribuição contratado (pagamento realizado por terceiros) | E17: Solicitar controle das empreiteiras | F17: L | G17: =S17+AE17+AQ17+BC17+BO17+CA17 -> 0 | H17: =T17+AF17+AR17+BD17+BP17+CB17 -> 0 | I17: =U17+AG17+AS17+BE17+BQ17+CC17 -> 0 | J17: =V17+AH17+AT17+BF17+BR17+CD17 -> 0 | K17: =W17+AI17+AU17+BG17+BS17+CE17 -> 0 | L17: =X17+AJ17+AV17+BH17+BT17+CF17 -> 0 | M17: =Y17+AK17+AW17+BI17+BU17+CG17 -> 0 | N17: =Z17+AL17+AX17+BJ17+BV17+CH17 -> 0 | ... R17: =AD17+AP17+BB17+BN17+BZ17+CL17 -> 0 | S17: 0 | T17: 0 | U17: 0 | V17: 0 | W17: 0 | X17: 0 | AE17: 0 | AF17: 0 | AG17: 0 | AH17: 0 | AI17: 0 | AJ17: 0 | AQ17: 0 | AR17: 0 | AS17: 0 | AT17: 0 | AU17: 0 | AV17: 0 | BC17: 0 | BD17: 0 | BE17: 0 | BF17: 0 | BG17: 0 | BH17: 0

Sheet Norte
F3: Consolidado | R3: ENERGISA | AD3: PAULO CEZARIO XAVIER LTDA | AP3: D. B. MACHADO LTDA | BB3: ENECOL CONSTRUCAO ENGENHARIA E MANUTENCA | BN3: ENDISA ENGENHARIA E AGRONEGOCIO LTDA
B4: Empresa | C4: INDICADOR | D4: OBSERVAÇÕES | E4: UNIDADE | F4: 46023 | G4: 46054 | H4: 46082 | I4: 46113 | J4: 46143 | K4: 46174 | L4: 46204 | M4: 46235 | N4: 46266 | O4: 46296 | P4: 46327 | Q4: 46357 | R4: 46023 | S4: 46054 | T4: 46082 | U4: 46113 | V4: 46143 | W4: 46174 | X4: 46204 | Y4: 46235 | Z4: 46266 | AA4: 46296 | AB4: 46327 | AC4: 46357 | AD4: 46023 | AE4: 46054 | AF4: 46082 | AG4: 46113 | AH4: 46143 | AI4: 46174 | AJ4: 46204 | AK4: 46235 | AL4: 46266 | AM4: 46296 | AN4: 46327 | AO4: 46357 | AP4: 46023 | AQ4: 46054 | AR4: 46082 | AS4: 46113 | AT4: 46143 | AU4: 46174 | AV4: 46204 | AW4: 46235 | AX4: 46266 | AY4: 46296 | AZ4: 46327 | BA4: 46357 | BB4: 46023 | BC4: 46054 | BD4: 46082 | BE4: 46113 | BF4: 46143 | BG4: 46174 | BH4: 46204 | BI4: 46235 | BJ4: 46266 | BK4: 46296 | BL4: 46327 | BM4: 46357 | BN4: 46023 | BO4: 46054 | BP4: 46082 | BQ4: 46113 | BR4: 46143 | BS4: 46174 | BT4: 46204 | BU4: 46235 | BV4: 46266 | BW4: 46296 | BX4: 46327 | BY4: 46357
C5: Quantidade de material lenhoso gerado em processo de poda destinado para aterro sanitário | E5: kg | F5: =R5+AD5+AP5+BB5+BN5 -> 0 | G5: =S5+AE5+AQ5+BC5+BO5 -> 0 | H5: =T5+AF5+AR5+BD5+BP5 -> 0 | I5: =U5+AG5+AS5+BE5+BQ5 -> 0 | J5: =V5+AH5+AT5+BF5+BR5 -> 0 | K5: =W5+AI5+AU5+BG5+BS5 -> 0 | L5: =X5+AJ5+AV5+BH5+BT5 -> 0 | M5: =Y5+AK5+AW5+BI5+BU5 -> 0 | ... Q5: =AC5+AO5+BA5+BM5+BY5 -> 0
C6: Quantidade de material lenhoso gerado em processo de poda destinado para compostagem | E6: kg | F6: =R6+AD6+AP6+BB6+BN6 -> 97475 | G6: =S6+AE6+AQ6+BC6+BO6 -> 35840 | H6: =T6+AF6+AR6+BD6+BP6 -> 107170 | I6: =U6+AG6+AS6+BE6+BQ6 -> 132475 | J6: =V6+AH6+AT6+BF6+BR6 -> 166670 | K6: =W6+AI6+AU6+BG6+BS6 -> 96040 | L6: =X6+AJ6+AV6+BH6+BT6 -> 0 | M6: =Y6+AK6+AW6+BI6+BU6 -> 0 | ... Q6: =AC6+AO6+BA6+BM6+BY6 -> 0 | R6: 97475 | S6: 35840 | T6: 107170 | U6: 132475 | V6: 166670 | W6: 96040
C7: Área de vegetação suprimida do bioma Cerrado em processo de manutenção de faixa | E7: ha | F7: =R7+AD7+AP7+BB7+BN7 -> 59 | G7: =S7+AE7+AQ7+BC7+BO7 -> 49.3 | H7: =T7+AF7+AR7+BD7+BP7 -> 47.333 | I7: =U7+AG7+AS7+BE7+BQ7 -> 97 | J7: =V7+AH7+AT7+BF7+BR7 -> 209 | K7: =W7+AI7+AU7+BG7+BS7 -> 286 | L7: =X7+AJ7+AV7+BH7+BT7 -> 0 | M7: =Y7+AK7+AW7+BI7+BU7 -> 0 | ... Q7: =AC7+AO7+BA7+BM7+BY7 -> 0 | AD7: 59 | AE7: 24.8 | AF7: 46.333 | AG7: 97 | AH7: 139 | AI7: 163.5 | AP7: 0 | AQ7: 24.5 | AR7: 0 | AS7: 0 | AT7: 70 | AU7: 18 | BB7: 0 | BC7: 0 | BD7: 1 | BE7: 0 | BF7: 0 | BG7: 22 | BN7: 0 | BO7: 0 | BP7: 0 | BQ7: 0 | BR7: 0 | BS7: 82.5
C8: Área de vegetação suprimida do bioma Cerrado em processo de novas obras | E8: ha | F8: =R8+AD8+AP8+BB8+BN8 -> 0 | G8: =S8+AE8+AQ8+BC8+BO8 -> 0 | H8: =T8+AF8+AR8+BD8+BP8 -> 0 | I8: =U8+AG8+AS8+BE8+BQ8 -> 0 | J8: =V8+AH8+AT8+BF8+BR8 -> 0 | K8: =W8+AI8+AU8+BG8+BS8 -> 0 | L8: =X8+AJ8+AV8+BH8+BT8 -> 0 | M8: =Y8+AK8+AW8+BI8+BU8 -> 0 | ... Q8: =AC8+AO8+BA8+BM8+BY8 -> 0
C9: Área de vegetação suprimida do bioma Amazônia em processo de manutenção de faixa | E9: ha | F9: =R9+AD9+AP9+BB9+BN9 -> 63 | G9: =S9+AE9+AQ9+BC9+BO9 -> 74.3 | H9: =T9+AF9+AR9+BD9+BP9 -> 56 | I9: =U9+AG9+AS9+BE9+BQ9 -> 79.933 | J9: =V9+AH9+AT9+BF9+BR9 -> 0 | K9: =W9+AI9+AU9+BG9+BS9 -> 97.333 | L9: =X9+AJ9+AV9+BH9+BT9 -> 0 | M9: =Y9+AK9+AW9+BI9+BU9 -> 0 | ... Q9: =AC9+AO9+BA9+BM9+BY9 -> 0 | R9: 0 | S9: 0 | T9: 0 | U9: 0 | V9: 0 | W9: 54.333 | AD9: 63 | AE9: 67.5 | AF9: 29 | AG9: 79.933 | AH9: 0 | AI9: 43 | AP9: 0 | AQ9: 3 | AR9: 27 | AS9: 0 | AT9: 0 | AU9: 0 | BB9: 0 | BC9: 3.8 | BD9: 0 | BE9: 0 | BF9: 0 | BG9: 0 | BN9: 0 | BO9: 0 | BP9: 0 | BQ9: 0 | BR9: 0 | BS9: 0
C10: Área de vegetação suprimida do bioma Amazônia em processo de novas obras | E10: ha | F10: =R10+AD10+AP10+BB10+BN10 -> 0 | G10: =S10+AE10+AQ10+BC10+BO10 -> 0 | H10: =T10+AF10+AR10+BD10+BP10 -> 0 | I10: =U10+AG10+AS10+BE10+BQ10 -> 0 | J10: =V10+AH10+AT10+BF10+BR10 -> 0 | K10: =W10+AI10+AU10+BG10+BS10 -> 0 | L10: =X10+AJ10+AV10+BH10+BT10 -> 0 | M10: =Y10+AK10+AW10+BI10+BU10 -> 0 | ... Q10: =AC10+AO10+BA10+BM10+BY10 -> 0
C11: Volume de gasolina consumida em motopodas e motosserras (pagamento não realizado com cartão de abastecimento) | D11: Apenas os abastecimentos que não foram feitos pelo Ticktet Log | E11: L | F11: =R11+AD11+AP11+BB11+BN11 -> 36.9 | G11: =S11+AE11+AQ11+BC11+BO11 -> 9.84 | H11: =T11+AF11+AR11+BD11+BP11 -> 52.2 | I11: =U11+AG11+AS11+BE11+BQ11 -> 59.91 | J11: =V11+AH11+AT11+BF11+BR11 -> 59 | K11: =W11+AI11+AU11+BG11+BS11 -> 51.99 | L11: =X11+AJ11+AV11+BH11+BT11 -> 0 | M11: =Y11+AK11+AW11+BI11+BU11 -> 0 | ... Q11: =AC11+AO11+BA11+BM11+BY11 -> 0 | R11: 36.9 | S11: 9.84 | T11: 52.2 | U11: 59.91 | V11: 59 | W11: 51.99
C12: Volume de óleo 2 tempos consumido em motopodas e motosserras (pagamento não realizado com cartão de abastecimento) | E12: L | F12: =R12+AD12+AP12+BB12+BN12 -> 3.5 | G12: =S12+AE12+AQ12+BC12+BO12 -> 3.5 | H12: =T12+AF12+AR12+BD12+BP12 -> 3.5 | I12: =U12+AG12+AS12+BE12+BQ12 -> 3.5 | J12: =V12+AH12+AT12+BF12+BR12 -> 3.5 | K12: =W12+AI12+AU12+BG12+BS12 -> 3.5 | L12: =X12+AJ12+AV12+BH12+BT12 -> 0 | M12: =Y12+AK12+AW12+BI12+BU12 -> 0 | ... Q12: =AC12+AO12+BA12+BM12+BY12 -> 0 | R12: 3.5 | S12: 3.5 | T12: 3.5 | U12: 3.5 | V12: 3.5 | W12: 3.5
C13: Volume de gasolina comprada pela empresa contratada consumida em motopodas e motosserras | D13: Buscar dados com empresa Terceiras que realizam este serviço | E13: L | F13: =R13+AD13+AP13+BB13+BN13 -> 186 | G13: =S13+AE13+AQ13+BC13+BO13 -> 247.15 | H13: =T13+AF13+AR13+BD13+BP13 -> 235.53 | I13: =U13+AG13+AS13+BE13+BQ13 -> 195.5 | J13: =V13+AH13+AT13+BF13+BR13 -> 220.01 | K13: =W13+AI13+AU13+BG13+BS13 -> 246 | L13: =X13+AJ13+AV13+BH13+BT13 -> 0 | M13: =Y13+AK13+AW13+BI13+BU13 -> 0 | ... Q13: =AC13+AO13+BA13+BM13+BY13 -> 0 | AD13: 52 | AE13: 65 | AF13: 62 | AG13: 60 | AH13: 65 | AI13: 62 | AP13: 52 | AQ13: 65 | AR13: 62 | AS13: 60 | AT13: 65 | AU13: 62 | BB13: 30 | BC13: 52.15 | BD13: 49.53 | BE13: 15.5 | BF13: 25.01 | BG13: 60 | BN13: 52 | BO13: 65 | BP13: 62 | BQ13: 60 | BR13: 65 | BS13: 62
C14: Volume de óleo 2 tempos comprada pela empresa contratada consumida em motopodas e motosserras | E14: L | F14: =R14+AD14+AP14+BB14+BN14 -> 20 | G14: =S14+AE14+AQ14+BC14+BO14 -> 25 | H14: =T14+AF14+AR14+BD14+BP14 -> 19 | I14: =U14+AG14+AS14+BE14+BQ14 -> 22 | J14: =V14+AH14+AT14+BF14+BR14 -> 20 | K14: =W14+AI14+AU14+BG14+BS14 -> 22 | L14: =X14+AJ14+AV14+BH14+BT14 -> 0 | M14: =Y14+AK14+AW14+BI14+BU14 -> 0 | ... Q14: =AC14+AO14+BA14+BM14+BY14 -> 0 | AD14: 6 | AE14: 6 | AF14: 6 | AG14: 6 | AH14: 6 | AI14: 6 | AP14: 6 | AQ14: 6 | AR14: 6 | AS14: 6 | AT14: 6 | AU14: 6 | BB14: 2 | BC14: 7 | BD14: 1 | BE14: 4 | BF14: 2 | BG14: 4 | BN14: 6 | BO14: 6 | BP14: 6 | BQ14: 6 | BR14: 6 | BS14: 6
C15: Volume de gasolina consumida em transporte e distribuição contratado (pagamento realizado por terceiros) | D15: Empreiteiras | E15: L | F15: =R15+AD15+AP15+BB15+BN15 -> 0 | G15: =S15+AE15+AQ15+BC15+BO15 -> 0 | H15: =T15+AF15+AR15+BD15+BP15 -> 0 | I15: =U15+AG15+AS15+BE15+BQ15 -> 0 | J15: =V15+AH15+AT15+BF15+BR15 -> 0 | K15: =W15+AI15+AU15+BG15+BS15 -> 0 | L15: =X15+AJ15+AV15+BH15+BT15 -> 0 | M15: =Y15+AK15+AW15+BI15+BU15 -> 0 | ... Q15: =AC15+AO15+BA15+BM15+BY15 -> 0
C16: Volume de diesel consumido em transporte e distribuição contratado (pagamento realizado por terceiros) | E16: L | F16: =R16+AD16+AP16+BB16+BN16 -> 47058 | G16: =S16+AE16+AQ16+BC16+BO16 -> 46146.43 | H16: =T16+AF16+AR16+BD16+BP16 -> 51902 | I16: =U16+AG16+AS16+BE16+BQ16 -> 47952.96 | J16: =V16+AH16+AT16+BF16+BR16 -> 46328.11 | K16: =W16+AI16+AU16+BG16+BS16 -> 49187.34 | L16: =X16+AJ16+AV16+BH16+BT16 -> 0 | M16: =Y16+AK16+AW16+BI16+BU16 -> 0 | ... Q16: =AC16+AO16+BA16+BM16+BY16 -> 0 | BB16: 47058 | BC16: 46146.43 | BD16: 51902 | BE16: 47952.96 | BF16: 46328.11 | BG16: 49187.34
C17: Volume de etanol consumido em transporte e distribuição contratado (pagamento realizado por terceiros) | E17: L | F17: =R17+AD17+AP17+BB17+BN17 -> 0 | G17: =S17+AE17+AQ17+BC17+BO17 -> 0 | H17: =T17+AF17+AR17+BD17+BP17 -> 0 | I17: =U17+AG17+AS17+BE17+BQ17 -> 0 | J17: =V17+AH17+AT17+BF17+BR17 -> 0 | K17: =W17+AI17+AU17+BG17+BS17 -> 0 | L17: =X17+AJ17+AV17+BH17+BT17 -> 0 | M17: =Y17+AK17+AW17+BI17+BU17 -> 0 | ... Q17: =AC17+AO17+BA17+BM17+BY17 -> 0

Sheet Sul
G3: Consolidado | S3: DB Machado | AE3: EP Alves | AQ3: ENERGISA | BC3: EDL LIMPEZA E MANUTENCAO LTDA | BO3: WC CONSTRUTORA LTDA | CA3: TAVARES ENGENHARIA LTDA | CM3: SW CONSTRUTORA LTDA
B4: Empresa | C4: INDICADOR | D4: OBSERVAÇÕES | E4: PREMISSA (COEP) | F4: UNIDADE | G4: 46023 | H4: 46054 | I4: 46082 | J4: 46113 | K4: 46143 | L4: 46174 | M4: 46204 | N4: 46235 | O4: 46266 | P4: 46296 | Q4: 46327 | R4: 46357 | S4: 46023 | T4: 46054 | U4: 46082 | V4: 46113 | W4: 46143 | X4: 46174 | Y4: 46204 | Z4: 46235 | AA4: 46266 | AB4: 46296 | AC4: 46327 | AD4: 46357 | AE4: 46023 | AF4: 46054 | AG4: 46082 | AH4: 46113 | AI4: 46143 | AJ4: 46174 | AK4: 46204 | AL4: 46235 | AM4: 46266 | AN4: 46296 | AO4: 46327 | AP4: 46357 | AQ4: 46023 | AR4: 46054 | AS4: 46082 | AT4: 46113 | AU4: 46143 | AV4: 46174 | AW4: 46204 | AX4: 46235 | AY4: 46266 | AZ4: 46296 | BA4: 46327 | BB4: 46357 | BC4: 46023 | BD4: 46054 | BE4: 46082 | BF4: 46113 | BG4: 46143 | BH4: 46174 | BI4: 46204 | BJ4: 46235 | BK4: 46266 | BL4: 46296 | BM4: 46327 | BN4: 46357 | BO4: 46023 | BP4: 46054 | BQ4: 46082 | BR4: 46113 | BS4: 46143 | BT4: 46174 | BU4: 46204 | BV4: 46235 | BW4: 46266 | BX4: 46296 | BY4: 46327 | BZ4: 46357 | CA4: 46023 | CB4: 46054 | CC4: 46082 | CD4: 46113 | CE4: 46143 | CF4: 46174 | CG4: 46204 | CH4: 46235 | CI4: 46266 | CJ4: 46296 | CK4: 46327 | CL4: 46357 | CM4: 46023 | CN4: 46054 | CO4: 46082 | CP4: 46113 | CQ4: 46143 | CR4: 46174 | CS4: 46204 | CT4: 46235 | CU4: 46266 | CV4: 46296 | CW4: 46327 | CX4: 46357
C5: Quantidade de material lenhoso gerado em processo de poda destinado para aterro sanitário | F5: kg | G5: =S5+AE5+AQ5+BC5+BO5+CA5+CM5 -> 0 | H5: =T5+AF5+AR5+BD5+BP5+CB5+CN5 -> 0 | I5: =U5+AG5+AS5+BE5+BQ5+CC5+CO5 -> 0 | J5: =V5+AH5+AT5+BF5+BR5+CD5+CP5 -> 0 | K5: =W5+AI5+AU5+BG5+BS5+CE5+CQ5 -> 0 | L5: =X5+AJ5+AV5+BH5+BT5+CF5+CR5 -> 0 | M5: =Y5+AK5+AW5+BI5+BU5+CG5+CS5 -> 0 | N5: =Z5+AL5+AX5+BJ5+BV5+CH5+CT5 -> 0 | ... R5: =AD5+AP5+BB5+BN5+BZ5+CL5+CX5 -> 0
C6: Quantidade de material lenhoso gerado em processo de poda destinado para compostagem | E6: Material triturado pelo caminhão | F6: kg | G6: =S6+AE6+AQ6+BC6+BO6+CA6+CM6 -> 106400 | H6: =T6+AF6+AR6+BD6+BP6+CB6+CN6 -> 125545 | I6: =U6+AG6+AS6+BE6+BQ6+CC6+CO6 -> 104475 | J6: =V6+AH6+AT6+BF6+BR6+CD6+CP6 -> 104335 | K6: =W6+AI6+AU6+BG6+BS6+CE6+CQ6 -> 122465 | L6: =X6+AJ6+AV6+BH6+BT6+CF6+CR6 -> 110565 | M6: =Y6+AK6+AW6+BI6+BU6+CG6+CS6 -> 0 | N6: =Z6+AL6+AX6+BJ6+BV6+CH6+CT6 -> 0 | ... R6: =AD6+AP6+BB6+BN6+BZ6+CL6+CX6 -> 0 | AQ6: 106400 | AR6: 125545 | AS6: 104475 | AT6: 104335 | AU6: 122465 | AV6: 110565
C7: Área de vegetação suprimida do bioma Cerrado em processo de manutenção de faixa | E7: KM² de faixa realizada - bioma da localidade com base no IBGE | F7: ha | G7: =S7+AE7+AQ7+BC7+BO7+CA7+CM7 -> 160.233 | H7: =T7+AF7+AR7+BD7+BP7+CB7+CN7 -> 185 | I7: =U7+AG7+AS7+BE7+BQ7+CC7+CO7 -> 134.6 | J7: =V7+AH7+AT7+BF7+BR7+CD7+CP7 -> 179.713 | K7: =W7+AI7+AU7+BG7+BS7+CE7+CQ7 -> 181 | L7: =X7+AJ7+AV7+BH7+BT7+CF7+CR7 -> 211.633 | M7: =Y7+AK7+AW7+BI7+BU7+CG7+CS7 -> 0 | N7: =Z7+AL7+AX7+BJ7+BV7+CH7+CT7 -> 0 | ... R7: =AD7+AP7+BB7+BN7+BZ7+CL7+CX7 -> 0 | S7: 10.1 | T7: 0 | U7: 22 | V7: 17.113 | W7: 43.5 | X7: 6 | BC7: 150.133 | BD7: 134.9 | BE7: 112.6 | BF7: 162.6 | BG7: 137.5 | BH7: 205.633 | BO7: 0 | BP7: 16.7 | BQ7: 0 | BR7: 0 | BS7: 0 | BT7: 0 | CA7: 0 | CB7: 16.7 | CC7: 0 | CD7: 0 | CE7: 0 | CF7: 0 | CM7: 0 | CN7: 16.7 | CO7: 0 | CP7: 0 | CQ7: 0 | CR7: 0
C8: Área de vegetação suprimida do bioma Cerrado em processo de novas obras | F8: ha | G8: =S8+AE8+AQ8+BC8+BO8+CA8+CM8 -> 0 | H8: =T8+AF8+AR8+BD8+BP8+CB8+CN8 -> 0 | I8: =U8+AG8+AS8+BE8+BQ8+CC8+CO8 -> 0 | J8: =V8+AH8+AT8+BF8+BR8+CD8+CP8 -> 0 | K8: =W8+AI8+AU8+BG8+BS8+CE8+CQ8 -> 0 | L8: =X8+AJ8+AV8+BH8+BT8+CF8+CR8 -> 0 | M8: =Y8+AK8+AW8+BI8+BU8+CG8+CS8 -> 0 | N8: =Z8+AL8+AX8+BJ8+BV8+CH8+CT8 -> 0 | ... R8: =AD8+AP8+BB8+BN8+BZ8+CL8+CX8 -> 0
C9: Área de vegetação suprimida do bioma Amazônia em processo de manutenção de faixa | E9: KM² de faixa realizada - bioma da localidade com base no IBGE | F9: ha | G9: =S9+AE9+AQ9+BC9+BO9+CA9+CM9 -> 0 | H9: =T9+AF9+AR9+BD9+BP9+CB9+CN9 -> 0 | I9: =U9+AG9+AS9+BE9+BQ9+CC9+CO9 -> 0 | J9: =V9+AH9+AT9+BF9+BR9+CD9+CP9 -> 0 | K9: =W9+AI9+AU9+BG9+BS9+CE9+CQ9 -> 0 | L9: =X9+AJ9+AV9+BH9+BT9+CF9+CR9 -> 0 | M9: =Y9+AK9+AW9+BI9+BU9+CG9+CS9 -> 0 | N9: =Z9+AL9+AX9+BJ9+BV9+CH9+CT9 -> 0 | ... R9: =AD9+AP9+BB9+BN9+BZ9+CL9+CX9 -> 0 | S9: 0 | T9: 0 | U9: 0 | V9: 0 | W9: 0 | X9: 0 | BC9: 0 | BD9: 0 | BE9: 0 | BF9: 0 | BG9: 0 | BH9: 0 | BO9: 0 | BP9: 0 | BQ9: 0 | BR9: 0 | BS9: 0 | BT9: 0 | CA9: 0 | CB9: 0 | CC9: 0 | CD9: 0 | CE9: 0 | CF9: 0 | CM9: 0 | CN9: 0 | CO9: 0 | CP9: 0 | CQ9: 0 | CR9: 0
C10: Área de vegetação suprimida do bioma Amazônia em processo de novas obras | F10: ha | G10: =S10+AE10+AQ10+BC10+BO10+CA10+CM10 -> 0 | H10: =T10+AF10+AR10+BD10+BP10+CB10+CN10 -> 0 | I10: =U10+AG10+AS10+BE10+BQ10+CC10+CO10 -> 0 | J10: =V10+AH10+AT10+BF10+BR10+CD10+CP10 -> 0 | K10: =W10+AI10+AU10+BG10+BS10+CE10+CQ10 -> 0 | L10: =X10+AJ10+AV10+BH10+BT10+CF10+CR10 -> 0 | M10: =Y10+AK10+AW10+BI10+BU10+CG10+CS10 -> 0 | N10: =Z10+AL10+AX10+BJ10+BV10+CH10+CT10 -> 0 | ... R10: =AD10+AP10+BB10+BN10+BZ10+CL10+CX10 -> 0
C11: Volume de gasolina consumida em motopodas e motosserras (pagamento não realizado com cartão de abastecimento) | D11: Apenas os abastecimentos que não foram feitos pelo Ticktet Log | E11: ¹Compra feita com requisição - OU - ²Média de consumo de gasolina | F11: L | G11: =S11+AE11+AQ11+BC11+BO11+CA11+CM11 -> 304.755 | H11: =T11+AF11+AR11+BD11+BP11+CB11+CN11 -> 188.679 | I11: =U11+AG11+AS11+BE11+BQ11+CC11+CO11 -> 473.511 | J11: =V11+AH11+AT11+BF11+BR11+CD11+CP11 -> 520.334 | K11: =W11+AI11+AU11+BG11+BS11+CE11+CQ11 -> 474.15 | L11: =X11+AJ11+AV11+BH11+BT11+CF11+CR11 -> 224.357 | M11: =Y11+AK11+AW11+BI11+BU11+CG11+CS11 -> 0 | N11: =Z11+AL11+AX11+BJ11+BV11+CH11+CT11 -> 0 | ... R11: =AD11+AP11+BB11+BN11+BZ11+CL11+CX11 -> 0 | S11: 209.155 | T11: 108.079 | U11: 400.911 | V11: 429.734 | W11: 373.55 | X11: 143.757 | AE11: 27 | AF11: 18 | AG11: 15 | AH11: 20 | AI11: 25 | AJ11: 22 | AQ11: 16 | AR11: 15 | AS11: 18 | AT11: 14 | AU11: 21 | AV11: 12 | BC11: 42 | BD11: 36 | BE11: 30 | BF11: 45 | BG11: 44 | BH11: 37 | BO11: 3.3 | BP11: 3.3 | BQ11: 3.3 | BR11: 3.3 | BS11: 3.3 | BT11: 3.3 | CA11: 4 | CB11: 5 | CC11: 3 | CD11: 5 | CE11: 4 | CF11: 3 | CM11: 3.3 | CN11: 3.3 | CO11: 3.3 | CP11: 3.3 | CQ11: 3.3 | CR11: 3.3
C12: Volume de óleo 2 tempos consumido em motopodas e motosserras (pagamento não realizado com cartão de abastecimento) | E12: ¹Compra feita com requisição - OU - ²Média de consumo de gasolina | F12: L | G12: =S12+AE12+AQ12+BC12+BO12+CA12+CM12 -> 16.5 | H12: =T12+AF12+AR12+BD12+BP12+CB12+CN12 -> 12.5 | I12: =U12+AG12+AS12+BE12+BQ12+CC12+CO12 -> 17 | J12: =V12+AH12+AT12+BF12+BR12+CD12+CP12 -> 20.5 | K12: =W12+AI12+AU12+BG12+BS12+CE12+CQ12 -> 20.5 | L12: =X12+AJ12+AV12+BH12+BT12+CF12+CR12 -> 12 | M12: =Y12+AK12+AW12+BI12+BU12+CG12+CS12 -> 0 | N12: =Z12+AL12+AX12+BJ12+BV12+CH12+CT12 -> 0 | ... R12: =AD12+AP12+BB12+BN12+BZ12+CL12+CX12 -> 0 | S12: 5.5 | T12: 2.5 | U12: 8 | V12: 8.5 | W12: 7.5 | X12: 3 | AE12: 2 | AF12: 1 | AG12: 1 | AH12: 2 | AI12: 2 | AJ12: 2 | AQ12: 2 | AR12: 2 | AS12: 2 | AT12: 1 | AU12: 3 | AV12: 2 | BC12: 4 | BD12: 3 | BE12: 3 | BF12: 5 | BG12: 5 | BH12: 4 | BO12: 1 | BP12: 1 | BQ12: 1 | BR12: 1 | BS12: 1 | CA12: 1 | CB12: 2 | CC12: 1 | CD12: 2 | CE12: 1 | CF12: 1 | CM12: 1 | CN12: 1 | CO12: 1 | CP12: 1 | CQ12: 1 | CR12: 0
C13: Volume de gasolina comprada pela empresa contratada consumida em motopodas e motosserras | D13: Buscar dados com empresa Terceiras que realizam este serviço | E13: Média de consumo | F13: L | G13: =S13+AE13+AQ13+BC13+BO13+CA13+CM13 -> 304.055 | H13: =T13+AF13+AR13+BD13+BP13+CB13+CN13 -> 186.979 | I13: =U13+AG13+AS13+BE13+BQ13+CC13+CO13 -> 473.811 | J13: =V13+AH13+AT13+BF13+BR13+CD13+CP13 -> 518.634 | K13: =W13+AI13+AU13+BG13+BS13+CE13+CQ13 -> 473.45 | L13: =X13+AJ13+AV13+BH13+BT13+CF13+CR13 -> 224.657 | M13: =Y13+AK13+AW13+BI13+BU13+CG13+CS13 -> 0 | N13: =Z13+AL13+AX13+BJ13+BV13+CH13+CT13 -> 0 | ... R13: =AD13+AP13+BB13+BN13+BZ13+CL13+CX13 -> 0 | S13: 209.155 | T13: 108.079 | U13: 400.911 | V13: 429.734 | W13: 373.55 | X13: 143.757 | AE13: 27 | AF13: 18 | AG13: 15 | AH13: 20 | AI13: 25 | AJ13: 22 | AQ13: 16 | AR13: 15 | AS13: 18 | AT13: 14 | AU13: 21 | AV13: 12 | BC13: 42 | BD13: 36 | BE13: 30 | BF13: 45 | BG13: 44 | BH13: 37 | BO13: 3.3 | BP13: 3.3 | BQ13: 3.3 | BR13: 3.3 | BS13: 3.3 | BT13: 3.3 | CA13: 3.3 | CB13: 3.3 | CC13: 3.3 | CD13: 3.3 | CE13: 3.3 | CF13: 3.3 | CM13: 3.3 | CN13: 3.3 | CO13: 3.3 | CP13: 3.3 | CQ13: 3.3 | CR13: 3.3
C14: Volume de óleo 2 tempos comprada pela empresa contratada consumida em motopodas e motosserras | E14: Média de consumo | F14: L | G14: =S14+AE14+AQ14+BC14+BO14+CA14+CM14 -> 15.5 | H14: =T14+AF14+AR14+BD14+BP14+CB14+CN14 -> 10.5 | I14: =U14+AG14+AS14+BE14+BQ14+CC14+CO14 -> 17 | J14: =V14+AH14+AT14+BF14+BR14+CD14+CP14 -> 19.5 | K14: =W14+AI14+AU14+BG14+BS14+CE14+CQ14 -> 19.5 | L14: =X14+AJ14+AV14+BH14+BT14+CF14+CR14 -> 11 | M14: =Y14+AK14+AW14+BI14+BU14+CG14+CS14 -> 0 | N14: =Z14+AL14+AX14+BJ14+BV14+CH14+CT14 -> 0 | ... R14: =AD14+AP14+BB14+BN14+BZ14+CL14+CX14 -> 0 | S14: 5.5 | T14: 2.5 | U14: 8 | V14: 8.5 | W14: 7.5 | X14: 3 | AE14: 2 | AF14: 1 | AG14: 1 | AH14: 2 | AI14: 2 | AJ14: 2 | AQ14: 1 | AR14: 1 | AS14: 2 | AT14: 1 | AU14: 2 | AV14: 2 | BC14: 4 | BD14: 3 | BE14: 3 | BF14: 5 | BG14: 5 | BH14: 4 | BO14: 1 | BP14: 1 | BQ14: 1 | BR14: 1 | BS14: 1 | CA14: 1 | CB14: 1 | CC14: 1 | CD14: 1 | CE14: 1 | CF14: 0 | CM14: 1 | CN14: 1 | CO14: 1 | CP14: 1 | CQ14: 1 | CR14: 0
C15: Volume de gasolina consumida em transporte e distribuição contratado (pagamento realizado por terceiros) | D15: Empreiteiras | E15: Solicitar controle das empreiteiras - expurgar consumo motosserra e motopoda | F15: L | G15: =S15+AE15+AQ15+BC15+BO15+CA15+CM15 -> 3433.175 | H15: =T15+AF15+AR15+BD15+BP15+CB15+CN15 -> 4548.195 | I15: =U15+AG15+AS15+BE15+BQ15+CC15+CO15 -> 3540.521 | J15: =V15+AH15+AT15+BF15+BR15+CD15+CP15 -> 3737.215 | K15: =W15+AI15+AU15+BG15+BS15+CE15+CQ15 -> 3744.548 | L15: =X15+AJ15+AV15+BH15+BT15+CF15+CR15 -> 3704.143 | M15: =Y15+AK15+AW15+BI15+BU15+CG15+CS15 -> 0 | N15: =Z15+AL15+AX15+BJ15+BV15+CH15+CT15 -> 0 | ... R15: =AD15+AP15+BB15+BN15+BZ15+CL15+CX15 -> 0 | S15: 2.854 | T15: 4.78 | U15: 2.989 | V15: 1.612 | W15: 2.2 | X15: 3.6 | AE15: 678 | AF15: 621 | AG15: 615 | AH15: 593 | AI15: 670 | AJ15: 598 | AQ15: 0 | AR15: 0 | AS15: 0 | AT15: 0 | AU15: 0 | AV15: 0 | BC15: 2.321 | BD15: 2.415 | BE15: 2.532 | BF15: 2.603 | BG15: 2.348 | BH15: 2.543 | BO15: 0 | BP15: 0 | BQ15: 0 | BR15: 0 | BS15: 0 | BT15: 0 | CA15: 2500 | CB15: 3600 | CC15: 2700 | CD15: 2900 | CE15: 2800 | CF15: 2900 | CM15: 250 | CN15: 320 | CO15: 220 | CP15: 240 | CQ15: 270 | CR15: 200
C16: Volume de diesel consumido em transporte e distribuição contratado (pagamento realizado por terceiros) | E16: Solicitar controle das empreiteiras | F16: L | G16: =S16+AE16+AQ16+BC16+BO16+CA16+CM16 -> 14931.991 | H16: =T16+AF16+AR16+BD16+BP16+CB16+CN16 -> 18010.582 | I16: =U16+AG16+AS16+BE16+BQ16+CC16+CO16 -> 16518.343 | J16: =V16+AH16+AT16+BF16+BR16+CD16+CP16 -> 17318.303 | K16: =W16+AI16+AU16+BG16+BS16+CE16+CQ16 -> 18555.521 | L16: =X16+AJ16+AV16+BH16+BT16+CF16+CR16 -> 17192.806 | M16: =Y16+AK16+AW16+BI16+BU16+CG16+CS16 -> 0 | N16: =Z16+AL16+AX16+BJ16+BV16+CH16+CT16 -> 0 | ... R16: =AD16+AP16+BB16+BN16+BZ16+CL16+CX16 -> 0 | S16: 17.59 | T16: 19.184 | U16: 10.931 | V16: 6.916 | W16: 10.521 | X16: 22.591 | AE16: 4012 | AF16: 3989 | AG16: 4105 | AH16: 4309 | AI16: 3874 | AJ16: 4228 | AQ16: 0 | AR16: 0 | AS16: 0 | AT16: 0 | AU16: 0 | AV16: 0 | BC16: 2.401 | BD16: 2.398 | BE16: 2.412 | BF16: 2.387 | BG16: 2601 | BH16: 2.215 | BO16: 4100 | BP16: 5200 | BQ16: 4500 | BR16: 5300 | BS16: 4100 | BT16: 4430 | CA16: 4500 | CB16: 5700 | CC16: 4400 | CD16: 4800 | CE16: 5100 | CF16: 5300 | CM16: 2300 | CN16: 3100 | CO16: 3500 | CP16: 2900 | CQ16: 2870 | CR16: 3210
C17: Volume de etanol consumido em transporte e distribuição contratado (pagamento realizado por terceiros) | E17: Solicitar controle das empreiteiras | F17: L | G17: =S17+AE17+AQ17+BC17+BO17+CA17+CM17 -> 0 | H17: =T17+AF17+AR17+BD17+BP17+CB17+CN17 -> 0 | I17: =U17+AG17+AS17+BE17+BQ17+CC17+CO17 -> 0 | J17: =V17+AH17+AT17+BF17+BR17+CD17+CP17 -> 0 | K17: =W17+AI17+AU17+BG17+BS17+CE17+CQ17 -> 0 | L17: =X17+AJ17+AV17+BH17+BT17+CF17+CR17 -> 0 | M17: =Y17+AK17+AW17+BI17+BU17+CG17+CS17 -> 0 | N17: =Z17+AL17+AX17+BJ17+BV17+CH17+CT17 -> 0 | ... R17: =AD17+AP17+BB17+BN17+BZ17+CL17+CX17 -> 0 | S17: 0 | T17: 0 | U17: 0 | V17: 0 | W17: 0 | X17: 0 | AE17: 0 | AF17: 0 | AG17: 0 | AH17: 0 | AI17: 0 | AJ17: 0 | AQ17: 0 | AR17: 0 | AS17: 0 | AT17: 0 | AU17: 0 | AV17: 0 | BC17: 0 | BD17: 0 | BE17: 0 | BF17: 0 | BG17: 0 | BH17: 0 | BO17: 0 | BP17: 0 | BQ17: 0 | BR17: 0 | BS17: 0 | BT17: 0 | CA17: 0 | CB17: 0 | CC17: 0 | CD17: 0 | CE17: 0 | CF17: 0 | CM17: 0 | CN17: 0 | CO17: 0 | CP17: 0 | CQ17: 0 | CR17: 0
